deleted,ransomware_lab\sample.txt,1755927039.380535
created,ransomware_lab\sample.txt,1755927052.6927357
modified,ransomware_lab\sample.txt,1755927064.2123427
modified,ransomware_lab\sample.txt,1755927064.2127874
modified,ransomware_lab\sample.txt,1755927064.214587
modified,ransomware_lab\sample.txt,1755927103.313714
modified,ransomware_lab\sample.txt,1755927103.3163116
modified,ransomware_lab\sample.txt,1755927103.3165421
modified,ransomware_lab\sample.txt,1756028969.7876444
deleted,ransomware_lab\sample.txt,1756028980.885052
created,ransomware_lab\sample.txt,1756028999.8711097
modified,ransomware_lab\sample.txt,1756029003.9231539
modified,ransomware_lab\sample.txt,1756029010.0729327
modified,ransomware_lab\sample.txt,1756029010.0743325
created,ransomware_lab\yryhwjpocv.txt,1756029050.2487907
modified,ransomware_lab\yryhwjpocv.txt,1756029050.2489147
created,ransomware_lab\pzoxuqpxgj.txt,1756029050.2495604
modified,ransomware_lab\pzoxuqpxgj.txt,1756029050.2498212
created,ransomware_lab\zzvthyyvjl.txt,1756029050.2506313
modified,ransomware_lab\zzvthyyvjl.txt,1756029050.2509475
created,ransomware_lab\ndyuadgdeg.txt,1756029050.2519577
modified,ransomware_lab\ndyuadgdeg.txt,1756029050.2521234
created,ransomware_lab\dymunpctbc.txt,1756029050.2524796
modified,ransomware_lab\dymunpctbc.txt,1756029050.2526624
created,ransomware_lab\jupjjsklle.txt,1756029050.2533405
modified,ransomware_lab\jupjjsklle.txt,1756029050.2536287
created,ransomware_lab\nmqpbnedmd.txt,1756029050.2539406
modified,ransomware_lab\nmqpbnedmd.txt,1756029050.2541943
created,ransomware_lab\wyviychfeb.txt,1756029050.2551546
modified,ransomware_lab\wyviychfeb.txt,1756029050.2553954
created,ransomware_lab\onbiuvbvgv.txt,1756029050.255664
modified,ransomware_lab\onbiuvbvgv.txt,1756029050.2558613
created,ransomware_lab\kssjqipokr.txt,1756029050.25643
modified,ransomware_lab\kssjqipokr.txt,1756029050.2566903
created,ransomware_lab\whsrtrfbfo.txt,1756029050.2569506
modified,ransomware_lab\whsrtrfbfo.txt,1756029050.2571805
created,ransomware_lab\szipnqztga.txt,1756029050.257497
modified,ransomware_lab\szipnqztga.txt,1756029050.257739
created,ransomware_lab\zukyorhcpv.txt,1756029050.2583
modified,ransomware_lab\zukyorhcpv.txt,1756029050.2590663
created,ransomware_lab\yoattfevpe.txt,1756029050.2594085
modified,ransomware_lab\yoattfevpe.txt,1756029050.2594905
created,ransomware_lab\quczmzqfot.txt,1756029050.2596962
modified,ransomware_lab\quczmzqfot.txt,1756029050.2599385
created,ransomware_lab\xjferygzqy.txt,1756029050.2603028
modified,ransomware_lab\xjferygzqy.txt,1756029050.2604685
created,ransomware_lab\ruxhvyauge.txt,1756029050.2607434
modified,ransomware_lab\ruxhvyauge.txt,1756029050.2609706
created,ransomware_lab\apfhpmkvcl.txt,1756029050.2614555
modified,ransomware_lab\apfhpmkvcl.txt,1756029050.2616825
created,ransomware_lab\knxybbsrzh.txt,1756029050.2620842
modified,ransomware_lab\knxybbsrzh.txt,1756029050.2622867
created,ransomware_lab\lsswkinqtq.txt,1756029050.2629626
modified,ransomware_lab\lsswkinqtq.txt,1756029050.2631292
created,ransomware_lab\rlpaaexrdw.txt,1756029050.2634509
modified,ransomware_lab\rlpaaexrdw.txt,1756029050.263675
created,ransomware_lab\krkawzwnkr.txt,1756029050.2640715
modified,ransomware_lab\krkawzwnkr.txt,1756029050.2643065
created,ransomware_lab\egkeibsvks.txt,1756029050.2649431
modified,ransomware_lab\egkeibsvks.txt,1756029050.2652175
created,ransomware_lab\jofnzphoev.txt,1756029050.2655776
modified,ransomware_lab\jofnzphoev.txt,1756029050.2657943
created,ransomware_lab\fpxzugpjcr.txt,1756029050.2660983
modified,ransomware_lab\fpxzugpjcr.txt,1756029050.2664578
created,ransomware_lab\glncnoiteh.txt,1756029050.266686
modified,ransomware_lab\glncnoiteh.txt,1756029050.266873
created,ransomware_lab\hzxyqtlbjm.txt,1756029050.2676117
modified,ransomware_lab\hzxyqtlbjm.txt,1756029050.267808
created,ransomware_lab\ytpfdsdptt.txt,1756029050.268694
modified,ransomware_lab\ytpfdsdptt.txt,1756029050.268741
created,ransomware_lab\xcluesepva.txt,1756029050.2691014
modified,ransomware_lab\xcluesepva.txt,1756029050.2693465
created,ransomware_lab\rpbgcxijxm.txt,1756029050.2696555
modified,ransomware_lab\rpbgcxijxm.txt,1756029050.269961
created,ransomware_lab\uwurygaded.txt,1756029050.2705138
modified,ransomware_lab\uwurygaded.txt,1756029050.2706945
created,ransomware_lab\fefzopcijn.txt,1756029050.27097
modified,ransomware_lab\fefzopcijn.txt,1756029050.27128
created,ransomware_lab\ohmsxsnmts.txt,1756029050.2715542
modified,ransomware_lab\ohmsxsnmts.txt,1756029050.2717593
created,ransomware_lab\yfcezjbtzp.txt,1756029050.2719846
modified,ransomware_lab\yfcezjbtzp.txt,1756029050.272156
created,ransomware_lab\bymlpcavtn.txt,1756029050.272369
modified,ransomware_lab\bymlpcavtn.txt,1756029050.2726047
created,ransomware_lab\tfxleprqpz.txt,1756029050.2731571
modified,ransomware_lab\tfxleprqpz.txt,1756029050.2734509
created,ransomware_lab\xtpilfjark.txt,1756029050.2737792
modified,ransomware_lab\xtpilfjark.txt,1756029050.2740328
created,ransomware_lab\oyybmneamv.txt,1756029050.2743318
modified,ransomware_lab\oyybmneamv.txt,1756029050.2745833
created,ransomware_lab\qnrakuevwr.txt,1756029050.2753
modified,ransomware_lab\qnrakuevwr.txt,1756029050.2755027
created,ransomware_lab\pliyoljxkm.txt,1756029050.2757683
modified,ransomware_lab\pliyoljxkm.txt,1756029050.2759461
created,ransomware_lab\tbryzksnfy.txt,1756029050.276479
modified,ransomware_lab\tbryzksnfy.txt,1756029050.276669
created,ransomware_lab\ntokkoxtgm.txt,1756029050.276866
modified,ransomware_lab\ntokkoxtgm.txt,1756029050.277307
created,ransomware_lab\iaanrndwqk.txt,1756029050.2791927
modified,ransomware_lab\iaanrndwqk.txt,1756029050.2794828
created,ransomware_lab\vckfaznqmk.txt,1756029050.2801905
modified,ransomware_lab\vckfaznqmk.txt,1756029050.2806082
created,ransomware_lab\qgqtathznn.txt,1756029050.280859
modified,ransomware_lab\qgqtathznn.txt,1756029050.2810152
created,ransomware_lab\eusriocfne.txt,1756029050.2816887
modified,ransomware_lab\eusriocfne.txt,1756029050.28192
created,ransomware_lab\dqvnqudexl.txt,1756029050.2826264
modified,ransomware_lab\dqvnqudexl.txt,1756029050.282922
created,ransomware_lab\idckxeregi.txt,1756029050.2833393
modified,ransomware_lab\idckxeregi.txt,1756029050.2836113
created,ransomware_lab\rklcccgegj.txt,1756029050.2839532
modified,ransomware_lab\rklcccgegj.txt,1756029050.284224
created,ransomware_lab\kfqlkuilli.txt,1756029050.2844834
modified,ransomware_lab\kfqlkuilli.txt,1756029050.284748
created,ransomware_lab\tabwlfomev.txt,1756029050.2850199
modified,ransomware_lab\tabwlfomev.txt,1756029050.2853172
created,ransomware_lab\olsbpjyivd.txt,1756029050.285762
modified,ransomware_lab\olsbpjyivd.txt,1756029050.286024
created,ransomware_lab\ezfmdprtok.txt,1756029050.2863796
modified,ransomware_lab\ezfmdprtok.txt,1756029050.2866123
created,ransomware_lab\lxtvwvqlzb.txt,1756029050.2877207
modified,ransomware_lab\lxtvwvqlzb.txt,1756029050.288082
created,ransomware_lab\vgekaovzqd.txt,1756029050.2887814
modified,ransomware_lab\vgekaovzqd.txt,1756029050.2890081
created,ransomware_lab\lwgsjjyhea.txt,1756029050.2895913
modified,ransomware_lab\lwgsjjyhea.txt,1756029050.289872
created,ransomware_lab\zbkxkixbut.txt,1756029050.2903738
modified,ransomware_lab\zbkxkixbut.txt,1756029050.2906566
created,ransomware_lab\tzkbufqwzp.txt,1756029050.2911286
modified,ransomware_lab\tzkbufqwzp.txt,1756029050.2912955
created,ransomware_lab\cqmvyotlef.txt,1756029050.292289
modified,ransomware_lab\cqmvyotlef.txt,1756029050.29261
created,ransomware_lab\oiarbchlxm.txt,1756029050.2931986
modified,ransomware_lab\oiarbchlxm.txt,1756029050.2936213
created,ransomware_lab\gpzbzgswke.txt,1756029050.2944467
modified,ransomware_lab\gpzbzgswke.txt,1756029050.2947078
created,ransomware_lab\lefngmfmfe.txt,1756029050.294994
modified,ransomware_lab\lefngmfmfe.txt,1756029050.295297
created,ransomware_lab\vdhxxyatuw.txt,1756029050.2956183
modified,ransomware_lab\vdhxxyatuw.txt,1756029050.2958405
created,ransomware_lab\scjfnnrhfm.txt,1756029050.297047
modified,ransomware_lab\scjfnnrhfm.txt,1756029050.29731
created,ransomware_lab\izqqdfljll.txt,1756029050.2977672
modified,ransomware_lab\izqqdfljll.txt,1756029050.297914
created,ransomware_lab\pjdhmfubxw.txt,1756029050.298604
modified,ransomware_lab\pjdhmfubxw.txt,1756029050.298858
created,ransomware_lab\ggeciwubet.txt,1756029050.299379
modified,ransomware_lab\ggeciwubet.txt,1756029050.2997334
created,ransomware_lab\tgikvtyvzj.txt,1756029050.3001118
modified,ransomware_lab\tgikvtyvzj.txt,1756029050.3004096
created,ransomware_lab\nggfislwan.txt,1756029050.3007488
modified,ransomware_lab\nggfislwan.txt,1756029050.3009512
created,ransomware_lab\umdhywbciu.txt,1756029050.3012216
modified,ransomware_lab\umdhywbciu.txt,1756029050.3014483
created,ransomware_lab\tjxrkhwzmw.txt,1756029050.301732
modified,ransomware_lab\tjxrkhwzmw.txt,1756029050.302009
created,ransomware_lab\gwqndrjudu.txt,1756029050.3027625
modified,ransomware_lab\gwqndrjudu.txt,1756029050.302995
created,ransomware_lab\jytalgdkzr.txt,1756029050.303274
modified,ransomware_lab\jytalgdkzr.txt,1756029050.303482
created,ransomware_lab\shdvwgwvya.txt,1756029050.3037806
modified,ransomware_lab\shdvwgwvya.txt,1756029050.304134
created,ransomware_lab\edonfmcvgl.txt,1756029050.3049116
modified,ransomware_lab\edonfmcvgl.txt,1756029050.3051982
created,ransomware_lab\zoywvvmdmq.txt,1756029050.3055384
modified,ransomware_lab\zoywvvmdmq.txt,1756029050.305834
created,ransomware_lab\lnitsrekxs.txt,1756029050.3061867
modified,ransomware_lab\lnitsrekxs.txt,1756029050.3064075
created,ransomware_lab\ulzhmidjhs.txt,1756029050.3067603
modified,ransomware_lab\ulzhmidjhs.txt,1756029050.306967
created,ransomware_lab\pnnoxqdvna.txt,1756029050.3074832
modified,ransomware_lab\pnnoxqdvna.txt,1756029050.307739
created,ransomware_lab\fejaslzxhr.txt,1756029050.3080182
modified,ransomware_lab\fejaslzxhr.txt,1756029050.308262
created,ransomware_lab\qriistcqgb.txt,1756029050.3086927
modified,ransomware_lab\qriistcqgb.txt,1756029050.308911
created,ransomware_lab\vporfywxfh.txt,1756029050.3097959
modified,ransomware_lab\vporfywxfh.txt,1756029050.310081
created,ransomware_lab\viupunjbpf.txt,1756029050.3104458
modified,ransomware_lab\viupunjbpf.txt,1756029050.3106687
created,ransomware_lab\kishdggbwn.txt,1756029050.3113492
modified,ransomware_lab\kishdggbwn.txt,1756029050.3116403
created,ransomware_lab\tsdqpjxpfe.txt,1756029050.311931
modified,ransomware_lab\tsdqpjxpfe.txt,1756029050.3121576
created,ransomware_lab\beqwefqhru.txt,1756029050.312422
modified,ransomware_lab\beqwefqhru.txt,1756029050.312726
created,ransomware_lab\wlmbmyakoz.txt,1756029050.313038
modified,ransomware_lab\wlmbmyakoz.txt,1756029050.3133066
created,ransomware_lab\rcskvwvkfr.txt,1756029050.3136168
modified,ransomware_lab\rcskvwvkfr.txt,1756029050.313883
created,ransomware_lab\tzformphjg.txt,1756029050.3141623
modified,ransomware_lab\tzformphjg.txt,1756029050.3143723
created,ransomware_lab\iwhziwfbiz.txt,1756029050.3146694
modified,ransomware_lab\iwhziwfbiz.txt,1756029050.3148992
created,ransomware_lab\viyqeguiyl.txt,1756029050.3155417
modified,ransomware_lab\viyqeguiyl.txt,1756029050.3158772
created,ransomware_lab\pirfeqjawq.txt,1756029050.316833
modified,ransomware_lab\pirfeqjawq.txt,1756029050.3168838
created,ransomware_lab\zaapwlxdhl.txt,1756029050.3173087
modified,ransomware_lab\zaapwlxdhl.txt,1756029050.3173542
created,ransomware_lab\ymaaizfeoc.txt,1756029050.3185658
modified,ransomware_lab\ymaaizfeoc.txt,1756029050.3188465
created,ransomware_lab\yqoycdvfht.txt,1756029050.3193924
modified,ransomware_lab\yqoycdvfht.txt,1756029050.3195405
created,ransomware_lab\qcttsxcwnk.txt,1756029050.3196826
modified,ransomware_lab\qcttsxcwnk.txt,1756029050.3197315
created,ransomware_lab\cyxusvlbuh.txt,1756029050.3201423
modified,ransomware_lab\cyxusvlbuh.txt,1756029050.3204067
created,ransomware_lab\kzkkjluuru.txt,1756029050.3210235
modified,ransomware_lab\kzkkjluuru.txt,1756029050.3214703
created,ransomware_lab\beovomrfbc.txt,1756029050.3219764
modified,ransomware_lab\beovomrfbc.txt,1756029050.3222446
created,ransomware_lab\uvowcfbzol.txt,1756029050.3226936
modified,ransomware_lab\uvowcfbzol.txt,1756029050.3229754
moved,ransomware_lab\yryhwjpocv.txt,1756029051.3248985
modified,ransomware_lab\rdmnsjistl_0.txt,1756029051.325643
moved,ransomware_lab\pzoxuqpxgj.txt,1756029051.326134
modified,ransomware_lab\vrfrpypsir_1.txt,1756029051.3267467
moved,ransomware_lab\zzvthyyvjl.txt,1756029051.327376
modified,ransomware_lab\mextmpoppw_2.txt,1756029051.3279672
moved,ransomware_lab\ndyuadgdeg.txt,1756029051.3286853
modified,ransomware_lab\keybtpihjj_3.txt,1756029051.3293848
moved,ransomware_lab\dymunpctbc.txt,1756029051.3301904
modified,ransomware_lab\qffxbmaalg_4.txt,1756029051.3305545
moved,ransomware_lab\jupjjsklle.txt,1756029051.3312454
modified,ransomware_lab\vztmivxbip_5.txt,1756029051.3319826
moved,ransomware_lab\nmqpbnedmd.txt,1756029051.3324618
modified,ransomware_lab\bburlxfmzh_6.txt,1756029051.3332164
moved,ransomware_lab\wyviychfeb.txt,1756029051.3338513
modified,ransomware_lab\ckdtqdyyfj_7.txt,1756029051.3344014
moved,ransomware_lab\onbiuvbvgv.txt,1756029051.3348753
modified,ransomware_lab\zzicvwcgmn_8.txt,1756029051.3356197
moved,ransomware_lab\kssjqipokr.txt,1756029051.3360982
modified,ransomware_lab\zlaocuxwkz_9.txt,1756029051.3368294
moved,ransomware_lab\whsrtrfbfo.txt,1756029051.337474
modified,ransomware_lab\cejgzevcta_10.txt,1756029051.338024
moved,ransomware_lab\szipnqztga.txt,1756029051.3385353
modified,ransomware_lab\wlrtycnher_11.txt,1756029051.339179
moved,ransomware_lab\zukyorhcpv.txt,1756029051.339876
modified,ransomware_lab\hxzkpdlytc_12.txt,1756029051.340876
moved,ransomware_lab\yoattfevpe.txt,1756029051.3413203
modified,ransomware_lab\nwqjpenyzd_13.txt,1756029051.3420084
moved,ransomware_lab\quczmzqfot.txt,1756029051.3425686
modified,ransomware_lab\ypmttzviml_14.txt,1756029051.3433425
moved,ransomware_lab\xjferygzqy.txt,1756029051.3437731
modified,ransomware_lab\xeraukiaoh_15.txt,1756029051.3451405
moved,ransomware_lab\ruxhvyauge.txt,1756029051.345236
modified,ransomware_lab\cydtekdxvr_16.txt,1756029051.34584
moved,ransomware_lab\apfhpmkvcl.txt,1756029051.346587
modified,ransomware_lab\lhzjukjxng_17.txt,1756029051.3473368
moved,ransomware_lab\knxybbsrzh.txt,1756029051.3479185
modified,ransomware_lab\ygqiebijus_18.txt,1756029051.3488278
moved,ransomware_lab\lsswkinqtq.txt,1756029051.3494136
modified,ransomware_lab\kumquejsvj_19.txt,1756029051.350297
moved,ransomware_lab\rlpaaexrdw.txt,1756029051.3508444
modified,ransomware_lab\gjayhbmbxn_20.txt,1756029051.352962
moved,ransomware_lab\krkawzwnkr.txt,1756029051.3533952
modified,ransomware_lab\cftaebwrhl_21.txt,1756029051.3540647
moved,ransomware_lab\egkeibsvks.txt,1756029051.354332
modified,ransomware_lab\qmeydqljbe_22.txt,1756029051.355058
moved,ransomware_lab\jofnzphoev.txt,1756029051.3573978
modified,ransomware_lab\iftwiiodop_23.txt,1756029051.3577752
moved,ransomware_lab\fpxzugpjcr.txt,1756029051.358204
modified,ransomware_lab\hwzyczhpro_24.txt,1756029051.358832
moved,ransomware_lab\glncnoiteh.txt,1756029051.3593771
modified,ransomware_lab\ziltstcaro_25.txt,1756029051.359833
moved,ransomware_lab\hzxyqtlbjm.txt,1756029051.3607345
modified,ransomware_lab\marawrtibi_26.txt,1756029051.3616347
moved,ransomware_lab\ytpfdsdptt.txt,1756029051.3624005
modified,ransomware_lab\klrpvggfna_27.txt,1756029051.3631585
moved,ransomware_lab\xcluesepva.txt,1756029051.363835
modified,ransomware_lab\lcozjysefa_28.txt,1756029051.3644626
moved,ransomware_lab\rpbgcxijxm.txt,1756029051.365212
modified,ransomware_lab\cgrwiemayk_29.txt,1756029051.3658645
moved,ransomware_lab\uwurygaded.txt,1756029051.3663855
modified,ransomware_lab\itpmflrvac_30.txt,1756029051.3668935
moved,ransomware_lab\fefzopcijn.txt,1756029051.3674068
modified,ransomware_lab\jrdoebzobt_31.txt,1756029051.3679833
moved,ransomware_lab\ohmsxsnmts.txt,1756029051.3684692
modified,ransomware_lab\cspgvxguvm_32.txt,1756029051.369141
moved,ransomware_lab\yfcezjbtzp.txt,1756029051.3696494
modified,ransomware_lab\simyxygkew_33.txt,1756029051.3701346
moved,ransomware_lab\bymlpcavtn.txt,1756029051.3706472
modified,ransomware_lab\dtwwvgrdrx_34.txt,1756029051.3713548
moved,ransomware_lab\tfxleprqpz.txt,1756029051.3718672
modified,ransomware_lab\bddemafrtl_35.txt,1756029051.372781
moved,ransomware_lab\xtpilfjark.txt,1756029051.3738399
modified,ransomware_lab\smhypotkpy_36.txt,1756029051.3744001
modified,ransomware_lab\smhypotkpy_36.txt,1756029051.3746214
moved,ransomware_lab\oyybmneamv.txt,1756029051.3756711
modified,ransomware_lab\nqtdmjjyxa_37.txt,1756029051.3757317
moved,ransomware_lab\qnrakuevwr.txt,1756029051.3763466
modified,ransomware_lab\xibwnsdcwh_38.txt,1756029051.3768945
moved,ransomware_lab\pliyoljxkm.txt,1756029051.3775947
modified,ransomware_lab\ycddlqmhfp_39.txt,1756029051.3780622
moved,ransomware_lab\tbryzksnfy.txt,1756029051.3787088
modified,ransomware_lab\zoypzqxyel_40.txt,1756029051.379249
moved,ransomware_lab\ntokkoxtgm.txt,1756029051.3801
modified,ransomware_lab\epqfbbtrju_41.txt,1756029051.380733
moved,ransomware_lab\iaanrndwqk.txt,1756029051.3812938
modified,ransomware_lab\itfijvgsgi_42.txt,1756029051.3819013
moved,ransomware_lab\vckfaznqmk.txt,1756029051.3824024
modified,ransomware_lab\iednzjkhgd_43.txt,1756029051.3829498
moved,ransomware_lab\qgqtathznn.txt,1756029051.3838098
modified,ransomware_lab\lcngdgshxx_44.txt,1756029051.3843088
moved,ransomware_lab\eusriocfne.txt,1756029051.3850265
modified,ransomware_lab\zbmejfhtiv_45.txt,1756029051.3858345
moved,ransomware_lab\dqvnqudexl.txt,1756029051.3862267
modified,ransomware_lab\rbdpeacivs_46.txt,1756029051.3867826
moved,ransomware_lab\idckxeregi.txt,1756029051.3873653
modified,ransomware_lab\gwxqktmdms_47.txt,1756029051.3879814
moved,ransomware_lab\rklcccgegj.txt,1756029051.3889215
modified,ransomware_lab\qccyusglpz_48.txt,1756029051.3895013
moved,ransomware_lab\kfqlkuilli.txt,1756029051.3901098
modified,ransomware_lab\ewjwdynump_49.txt,1756029051.3906584
moved,ransomware_lab\tabwlfomev.txt,1756029051.3912137
modified,ransomware_lab\wtepvioatv_50.txt,1756029051.3918903
moved,ransomware_lab\olsbpjyivd.txt,1756029051.3925903
modified,ransomware_lab\wpbzmtuqrr_51.txt,1756029051.3929894
moved,ransomware_lab\ezfmdprtok.txt,1756029051.3935592
modified,ransomware_lab\gdhcxhwpnz_52.txt,1756029051.3944306
moved,ransomware_lab\lxtvwvqlzb.txt,1756029051.3967512
modified,ransomware_lab\jtziysmree_53.txt,1756029051.397351
moved,ransomware_lab\vgekaovzqd.txt,1756029051.3980098
modified,ransomware_lab\gfycdsjvma_54.txt,1756029051.3986676
moved,ransomware_lab\lwgsjjyhea.txt,1756029051.3993948
modified,ransomware_lab\vehdoqlplx_55.txt,1756029051.4000602
moved,ransomware_lab\zbkxkixbut.txt,1756029051.400831
modified,ransomware_lab\rnvcbfezoz_56.txt,1756029051.4015558
moved,ransomware_lab\tzkbufqwzp.txt,1756029051.402177
modified,ransomware_lab\vfeehzmuby_57.txt,1756029051.4029462
moved,ransomware_lab\cqmvyotlef.txt,1756029051.40337
modified,ransomware_lab\ybmpltxrci_58.txt,1756029051.4042215
moved,ransomware_lab\oiarbchlxm.txt,1756029051.4049003
modified,ransomware_lab\tdxomgbcoy_59.txt,1756029051.4054527
moved,ransomware_lab\gpzbzgswke.txt,1756029051.406183
modified,ransomware_lab\dvxpphjruo_60.txt,1756029051.4066453
moved,ransomware_lab\lefngmfmfe.txt,1756029051.4071426
modified,ransomware_lab\czkqxatgcz_61.txt,1756029051.4077866
moved,ransomware_lab\vdhxxyatuw.txt,1756029051.408312
modified,ransomware_lab\czbnsiglcx_62.txt,1756029051.4088416
moved,ransomware_lab\scjfnnrhfm.txt,1756029051.4093363
modified,ransomware_lab\ntzodmyfwm_63.txt,1756029051.4099143
moved,ransomware_lab\izqqdfljll.txt,1756029051.4105198
modified,ransomware_lab\jydeidenxr_64.txt,1756029051.411304
moved,ransomware_lab\pjdhmfubxw.txt,1756029051.4127069
modified,ransomware_lab\eczvbbblxx_65.txt,1756029051.4140964
moved,ransomware_lab\ggeciwubet.txt,1756029051.414612
modified,ransomware_lab\leyrlyjpbu_66.txt,1756029051.4152317
moved,ransomware_lab\tgikvtyvzj.txt,1756029051.415951
modified,ransomware_lab\pzciyxfwix_67.txt,1756029051.4166536
moved,ransomware_lab\nggfislwan.txt,1756029051.4172084
modified,ransomware_lab\tfiglvqswv_68.txt,1756029051.417682
moved,ransomware_lab\umdhywbciu.txt,1756029051.4183998
modified,ransomware_lab\ujkmxhjttm_69.txt,1756029051.4189131
moved,ransomware_lab\tjxrkhwzmw.txt,1756029051.4200256
modified,ransomware_lab\xkrwuritfh_70.txt,1756029051.420674
moved,ransomware_lab\gwqndrjudu.txt,1756029051.4211948
modified,ransomware_lab\anatxvytuw_71.txt,1756029051.4217992
moved,ransomware_lab\jytalgdkzr.txt,1756029051.422445
modified,ransomware_lab\eccjruvqvm_72.txt,1756029051.4231493
moved,ransomware_lab\shdvwgwvya.txt,1756029051.4235823
modified,ransomware_lab\qtvtotblgh_73.txt,1756029051.4243531
modified,ransomware_lab\qtvtotblgh_73.txt,1756029051.4245975
moved,ransomware_lab\edonfmcvgl.txt,1756029051.4250379
modified,ransomware_lab\jyzaeplxaz_74.txt,1756029051.425633
moved,ransomware_lab\zoywvvmdmq.txt,1756029051.4261215
modified,ransomware_lab\ryeympdgqw_75.txt,1756029051.4266179
moved,ransomware_lab\lnitsrekxs.txt,1756029051.4270637
modified,ransomware_lab\sfixweyhac_76.txt,1756029051.4277349
moved,ransomware_lab\ulzhmidjhs.txt,1756029051.4283466
modified,ransomware_lab\vbirnqwomg_77.txt,1756029051.4290943
moved,ransomware_lab\pnnoxqdvna.txt,1756029051.4296808
modified,ransomware_lab\cplibmxdqy_78.txt,1756029051.4302154
moved,ransomware_lab\fejaslzxhr.txt,1756029051.430962
modified,ransomware_lab\xiuzimjsug_79.txt,1756029051.4316156
moved,ransomware_lab\qriistcqgb.txt,1756029051.4321668
modified,ransomware_lab\mtbtdwrmoz_80.txt,1756029051.4329002
moved,ransomware_lab\vporfywxfh.txt,1756029051.4334486
modified,ransomware_lab\tdqagiomeq_81.txt,1756029051.434074
moved,ransomware_lab\viupunjbpf.txt,1756029051.4345653
modified,ransomware_lab\pieejdodfa_82.txt,1756029051.4353886
moved,ransomware_lab\kishdggbwn.txt,1756029051.436437
modified,ransomware_lab\ccokvaknjl_83.txt,1756029051.4376435
moved,ransomware_lab\tsdqpjxpfe.txt,1756029051.4378908
modified,ransomware_lab\nduzsgwmup_84.txt,1756029051.439004
moved,ransomware_lab\beqwefqhru.txt,1756029051.4392984
modified,ransomware_lab\pamcxmdpzi_85.txt,1756029051.4399428
moved,ransomware_lab\wlmbmyakoz.txt,1756029051.4405987
modified,ransomware_lab\obeadokbhr_86.txt,1756029051.4411705
moved,ransomware_lab\rcskvwvkfr.txt,1756029051.4416773
modified,ransomware_lab\abwcglzvtx_87.txt,1756029051.4423172
moved,ransomware_lab\tzformphjg.txt,1756029051.4427876
modified,ransomware_lab\vbqxfrffui_88.txt,1756029051.4434333
moved,ransomware_lab\iwhziwfbiz.txt,1756029051.4440286
modified,ransomware_lab\fpmvsggdsv_89.txt,1756029051.4444852
moved,ransomware_lab\viyqeguiyl.txt,1756029051.4450324
modified,ransomware_lab\qwdxlilaux_90.txt,1756029051.4456568
moved,ransomware_lab\pirfeqjawq.txt,1756029051.4461772
modified,ransomware_lab\udomtxwflz_91.txt,1756029051.4466906
moved,ransomware_lab\zaapwlxdhl.txt,1756029051.4471982
modified,ransomware_lab\jeusmjfvkq_92.txt,1756029051.4477232
moved,ransomware_lab\ymaaizfeoc.txt,1756029051.4482949
modified,ransomware_lab\nzprwxrysb_93.txt,1756029051.4490407
moved,ransomware_lab\yqoycdvfht.txt,1756029051.4495378
modified,ransomware_lab\zvcbypjspd_94.txt,1756029051.450053
moved,ransomware_lab\qcttsxcwnk.txt,1756029051.4505703
modified,ransomware_lab\xlbiwzlexv_95.txt,1756029051.4511342
moved,ransomware_lab\cyxusvlbuh.txt,1756029051.453136
modified,ransomware_lab\pkmhufrtwj_96.txt,1756029051.4540904
moved,ransomware_lab\kzkkjluuru.txt,1756029051.4556022
modified,ransomware_lab\hbhhjozrng_97.txt,1756029051.4561644
moved,ransomware_lab\beovomrfbc.txt,1756029051.456533
modified,ransomware_lab\nkvdoexofe_98.txt,1756029051.4570932
moved,ransomware_lab\uvowcfbzol.txt,1756029051.4578238
modified,ransomware_lab\wedwledwat_99.txt,1756029051.4584801
moved,ransomware_lab\rdmnsjistl_0.txt,1756029051.960932
modified,ransomware_lab\lgbfyyjbds_0.txt,1756029051.9617054
moved,ransomware_lab\vrfrpypsir_1.txt,1756029051.962506
modified,ransomware_lab\zcwcjbtqbv_1.txt,1756029051.9634027
moved,ransomware_lab\mextmpoppw_2.txt,1756029051.9640634
modified,ransomware_lab\rblsqxshmx_2.txt,1756029051.964571
moved,ransomware_lab\keybtpihjj_3.txt,1756029051.965202
modified,ransomware_lab\ieixsgcdrx_3.txt,1756029051.9659224
moved,ransomware_lab\qffxbmaalg_4.txt,1756029051.9664268
modified,ransomware_lab\dhkkmqxbrw_4.txt,1756029051.9669654
moved,ransomware_lab\vztmivxbip_5.txt,1756029051.9674234
modified,ransomware_lab\fgzrbilotd_5.txt,1756029051.9678783
moved,ransomware_lab\bburlxfmzh_6.txt,1756029051.9683604
modified,ransomware_lab\havourxmjd_6.txt,1756029051.9689515
moved,ransomware_lab\ckdtqdyyfj_7.txt,1756029051.9698524
modified,ransomware_lab\xjnfwqidph_7.txt,1756029051.9710379
moved,ransomware_lab\zzicvwcgmn_8.txt,1756029051.9717474
modified,ransomware_lab\tqtstoyzha_8.txt,1756029051.972459
moved,ransomware_lab\zlaocuxwkz_9.txt,1756029051.9732482
modified,ransomware_lab\obhqfixhqv_9.txt,1756029051.9739223
moved,ransomware_lab\cejgzevcta_10.txt,1756029051.9744923
modified,ransomware_lab\rfibddrncm_10.txt,1756029051.975451
moved,ransomware_lab\wlrtycnher_11.txt,1756029051.9760787
modified,ransomware_lab\ihmxtykrtx_11.txt,1756029051.9767785
moved,ransomware_lab\hxzkpdlytc_12.txt,1756029051.977392
modified,ransomware_lab\kttwhmizhx_12.txt,1756029051.9787467
moved,ransomware_lab\nwqjpenyzd_13.txt,1756029051.9792466
modified,ransomware_lab\ulesbrsrks_13.txt,1756029051.9801788
moved,ransomware_lab\ypmttzviml_14.txt,1756029051.9806826
modified,ransomware_lab\lzmuddobym_14.txt,1756029051.9813042
moved,ransomware_lab\xeraukiaoh_15.txt,1756029051.9817743
modified,ransomware_lab\xokaegakuo_15.txt,1756029051.982451
moved,ransomware_lab\cydtekdxvr_16.txt,1756029051.9830382
modified,ransomware_lab\gwblyfyybu_16.txt,1756029051.9837046
moved,ransomware_lab\lhzjukjxng_17.txt,1756029051.9842215
modified,ransomware_lab\eoattryezv_17.txt,1756029051.9847376
moved,ransomware_lab\ygqiebijus_18.txt,1756029051.9853632
modified,ransomware_lab\ublemytcza_18.txt,1756029051.986203
moved,ransomware_lab\kumquejsvj_19.txt,1756029051.987024
modified,ransomware_lab\msplqfpltp_19.txt,1756029051.9874876
moved,ransomware_lab\gjayhbmbxn_20.txt,1756029051.9886725
modified,ransomware_lab\gujigcbgvv_20.txt,1756029051.9893641
moved,ransomware_lab\cftaebwrhl_21.txt,1756029051.9900975
modified,ransomware_lab\jzezlppwfw_21.txt,1756029051.9907115
moved,ransomware_lab\qmeydqljbe_22.txt,1756029051.9911995
modified,ransomware_lab\zrgpwaatbr_22.txt,1756029051.9917598
moved,ransomware_lab\iftwiiodop_23.txt,1756029051.9922965
modified,ransomware_lab\uhmddlvsxc_23.txt,1756029051.9933484
moved,ransomware_lab\hwzyczhpro_24.txt,1756029051.9943411
modified,ransomware_lab\vsbjglpvhl_24.txt,1756029051.9949608
moved,ransomware_lab\ziltstcaro_25.txt,1756029051.9954967
modified,ransomware_lab\ansnfhbiwv_25.txt,1756029051.9961236
moved,ransomware_lab\marawrtibi_26.txt,1756029051.996587
modified,ransomware_lab\bgmvvvjkdz_26.txt,1756029051.9971044
moved,ransomware_lab\klrpvggfna_27.txt,1756029051.9976497
modified,ransomware_lab\fhaybppjqn_27.txt,1756029051.998129
moved,ransomware_lab\lcozjysefa_28.txt,1756029051.9987638
modified,ransomware_lab\fhesexaebz_28.txt,1756029051.9993129
moved,ransomware_lab\cgrwiemayk_29.txt,1756029051.999824
modified,ransomware_lab\ukwprbcgno_29.txt,1756029052.0004082
moved,ransomware_lab\itpmflrvac_30.txt,1756029052.001184
modified,ransomware_lab\poukwjykez_30.txt,1756029052.0017123
moved,ransomware_lab\jrdoebzobt_31.txt,1756029052.0023448
modified,ransomware_lab\vxkuebtybg_31.txt,1756029052.0031228
moved,ransomware_lab\cspgvxguvm_32.txt,1756029052.00365
modified,ransomware_lab\dqwilgmukz_32.txt,1756029052.0043151
moved,ransomware_lab\simyxygkew_33.txt,1756029052.0054052
modified,ransomware_lab\xjzzardueo_33.txt,1756029052.0060384
moved,ransomware_lab\dtwwvgrdrx_34.txt,1756029052.006753
modified,ransomware_lab\ejlcjoyety_34.txt,1756029052.0073555
moved,ransomware_lab\bddemafrtl_35.txt,1756029052.0079567
modified,ransomware_lab\ogzgflmprw_35.txt,1756029052.0085976
moved,ransomware_lab\smhypotkpy_36.txt,1756029052.0091417
modified,ransomware_lab\lcleybfpnm_36.txt,1756029052.0097804
modified,ransomware_lab\lcleybfpnm_36.txt,1756029052.009917
moved,ransomware_lab\nqtdmjjyxa_37.txt,1756029052.010381
modified,ransomware_lab\iukzkiulib_37.txt,1756029052.010936
modified,ransomware_lab\iukzkiulib_37.txt,1756029052.0110579
moved,ransomware_lab\xibwnsdcwh_38.txt,1756029052.0115087
modified,ransomware_lab\atrinvszlz_38.txt,1756029052.0120604
moved,ransomware_lab\ycddlqmhfp_39.txt,1756029052.0125458
modified,ransomware_lab\toygvujrpj_39.txt,1756029052.0131922
moved,ransomware_lab\zoypzqxyel_40.txt,1756029052.013869
modified,ransomware_lab\vqiqxxwkjr_40.txt,1756029052.01439
moved,ransomware_lab\epqfbbtrju_41.txt,1756029052.0148487
modified,ransomware_lab\zcmvzelxvp_41.txt,1756029052.0155594
moved,ransomware_lab\itfijvgsgi_42.txt,1756029052.016068
modified,ransomware_lab\nljctftkwt_42.txt,1756029052.016714
moved,ransomware_lab\iednzjkhgd_43.txt,1756029052.0171874
modified,ransomware_lab\qkhxevsjrb_43.txt,1756029052.017652
moved,ransomware_lab\lcngdgshxx_44.txt,1756029052.018193
modified,ransomware_lab\hwohiufzrx_44.txt,1756029052.018911
moved,ransomware_lab\zbmejfhtiv_45.txt,1756029052.0195172
modified,ransomware_lab\skpkvtdnck_45.txt,1756029052.020695
moved,ransomware_lab\rbdpeacivs_46.txt,1756029052.0209234
modified,ransomware_lab\cqwlxjjsks_46.txt,1756029052.021125
moved,ransomware_lab\gwxqktmdms_47.txt,1756029052.0217226
modified,ransomware_lab\mjoiwocgtq_47.txt,1756029052.022398
moved,ransomware_lab\qccyusglpz_48.txt,1756029052.0229983
modified,ransomware_lab\jhapozfhqz_48.txt,1756029052.0237012
moved,ransomware_lab\ewjwdynump_49.txt,1756029052.0242455
modified,ransomware_lab\lfhxgmjzuo_49.txt,1756029052.02476
moved,ransomware_lab\wtepvioatv_50.txt,1756029052.0252635
modified,ransomware_lab\rwcrnsmvrl_50.txt,1756029052.025742
moved,ransomware_lab\wpbzmtuqrr_51.txt,1756029052.0262496
modified,ransomware_lab\ucixoshfpw_51.txt,1756029052.0267754
moved,ransomware_lab\gdhcxhwpnz_52.txt,1756029052.02721
modified,ransomware_lab\iilufjegnh_52.txt,1756029052.027805
moved,ransomware_lab\jtziysmree_53.txt,1756029052.02837
modified,ransomware_lab\tktdzurnaq_53.txt,1756029052.0289447
moved,ransomware_lab\gfycdsjvma_54.txt,1756029052.0296843
modified,ransomware_lab\vkmspyxryc_54.txt,1756029052.0305352
moved,ransomware_lab\vehdoqlplx_55.txt,1756029052.0308757
modified,ransomware_lab\ovgzwzvlxe_55.txt,1756029052.0314653
moved,ransomware_lab\rnvcbfezoz_56.txt,1756029052.0319476
modified,ransomware_lab\ejbuhvtpek_56.txt,1756029052.0326705
moved,ransomware_lab\vfeehzmuby_57.txt,1756029052.0331056
modified,ransomware_lab\ssgbcivlor_57.txt,1756029052.0336301
moved,ransomware_lab\ybmpltxrci_58.txt,1756029052.0342708
modified,ransomware_lab\tnmxunqppc_58.txt,1756029052.0352123
moved,ransomware_lab\tdxomgbcoy_59.txt,1756029052.0361426
modified,ransomware_lab\reifdivxxr_59.txt,1756029052.037879
moved,ransomware_lab\dvxpphjruo_60.txt,1756029052.039104
modified,ransomware_lab\gaetnxlati_60.txt,1756029052.040129
moved,ransomware_lab\czkqxatgcz_61.txt,1756029052.0405533
modified,ransomware_lab\djyrpdejex_61.txt,1756029052.041102
moved,ransomware_lab\czbnsiglcx_62.txt,1756029052.0416234
modified,ransomware_lab\kcexebomyh_62.txt,1756029052.0421016
moved,ransomware_lab\ntzodmyfwm_63.txt,1756029052.0426142
modified,ransomware_lab\yowzkaqiya_63.txt,1756029052.0431516
moved,ransomware_lab\jydeidenxr_64.txt,1756029052.043742
modified,ransomware_lab\qycpulgjpt_64.txt,1756029052.044246
moved,ransomware_lab\eczvbbblxx_65.txt,1756029052.044697
modified,ransomware_lab\wlzxxgewev_65.txt,1756029052.0452585
moved,ransomware_lab\leyrlyjpbu_66.txt,1756029052.0457983
modified,ransomware_lab\qxnycorevi_66.txt,1756029052.0463002
moved,ransomware_lab\pzciyxfwix_67.txt,1756029052.0467982
modified,ransomware_lab\ddtvoxwgmb_67.txt,1756029052.0476668
moved,ransomware_lab\tfiglvqswv_68.txt,1756029052.0481207
modified,ransomware_lab\enqcopaymc_68.txt,1756029052.0486062
moved,ransomware_lab\ujkmxhjttm_69.txt,1756029052.0490937
modified,ransomware_lab\yhsrknmksu_69.txt,1756029052.04967
moved,ransomware_lab\xkrwuritfh_70.txt,1756029052.050177
modified,ransomware_lab\hexajmpnrv_70.txt,1756029052.0508728
moved,ransomware_lab\anatxvytuw_71.txt,1756029052.0517323
modified,ransomware_lab\zlwjuxqkom_71.txt,1756029052.0530303
moved,ransomware_lab\eccjruvqvm_72.txt,1756029052.0538101
modified,ransomware_lab\yfpbkniplw_72.txt,1756029052.0546255
moved,ransomware_lab\qtvtotblgh_73.txt,1756029052.0551114
modified,ransomware_lab\cilewcmhhk_73.txt,1756029052.0558069
moved,ransomware_lab\jyzaeplxaz_74.txt,1756029052.0575027
modified,ransomware_lab\brslzgwvyd_74.txt,1756029052.0582528
moved,ransomware_lab\ryeympdgqw_75.txt,1756029052.0587876
modified,ransomware_lab\egpdwyfwhr_75.txt,1756029052.0593932
moved,ransomware_lab\sfixweyhac_76.txt,1756029052.05991
modified,ransomware_lab\oresbabfel_76.txt,1756029052.060542
moved,ransomware_lab\vbirnqwomg_77.txt,1756029052.0610826
modified,ransomware_lab\piszjhyjxf_77.txt,1756029052.0615323
moved,ransomware_lab\cplibmxdqy_78.txt,1756029052.0620558
modified,ransomware_lab\otamyvyynn_78.txt,1756029052.0625985
moved,ransomware_lab\xiuzimjsug_79.txt,1756029052.0632532
modified,ransomware_lab\vynkjdigeb_79.txt,1756029052.0636604
moved,ransomware_lab\mtbtdwrmoz_80.txt,1756029052.0641508
modified,ransomware_lab\yzyztxphcq_80.txt,1756029052.0647342
moved,ransomware_lab\tdqagiomeq_81.txt,1756029052.0652063
modified,ransomware_lab\ckldfxcmcl_81.txt,1756029052.0657506
moved,ransomware_lab\pieejdodfa_82.txt,1756029052.0663576
modified,ransomware_lab\gwnzikyiuo_82.txt,1756029052.0668986
modified,ransomware_lab\gwnzikyiuo_82.txt,1756029052.0669992
moved,ransomware_lab\ccokvaknjl_83.txt,1756029052.0674071
modified,ransomware_lab\tycqzjdmxe_83.txt,1756029052.0679128
moved,ransomware_lab\nduzsgwmup_84.txt,1756029052.0685058
modified,ransomware_lab\mwasencxjk_84.txt,1756029052.0691833
moved,ransomware_lab\pamcxmdpzi_85.txt,1756029052.069737
modified,ransomware_lab\cdjmffjktd_85.txt,1756029052.070326
moved,ransomware_lab\obeadokbhr_86.txt,1756029052.0708451
modified,ransomware_lab\ourwqwlher_86.txt,1756029052.0713756
moved,ransomware_lab\abwcglzvtx_87.txt,1756029052.0720112
modified,ransomware_lab\onqhcdfymb_87.txt,1756029052.07288
moved,ransomware_lab\vbqxfrffui_88.txt,1756029052.0735476
modified,ransomware_lab\ndcwtoqnfn_88.txt,1756029052.0737035
moved,ransomware_lab\fpmvsggdsv_89.txt,1756029052.0742786
modified,ransomware_lab\prxstyhppm_89.txt,1756029052.075008
moved,ransomware_lab\qwdxlilaux_90.txt,1756029052.0754507
modified,ransomware_lab\vzeglfultv_90.txt,1756029052.0758839
moved,ransomware_lab\udomtxwflz_91.txt,1756029052.076447
modified,ransomware_lab\hxamxdwwjr_91.txt,1756029052.0770645
moved,ransomware_lab\jeusmjfvkq_92.txt,1756029052.0776086
modified,ransomware_lab\rjhgccyxdj_92.txt,1756029052.0782392
moved,ransomware_lab\nzprwxrysb_93.txt,1756029052.0788975
modified,ransomware_lab\knsvjnbbdy_93.txt,1756029052.0795212
moved,ransomware_lab\zvcbypjspd_94.txt,1756029052.0800073
modified,ransomware_lab\atdhhyzhdl_94.txt,1756029052.080742
moved,ransomware_lab\xlbiwzlexv_95.txt,1756029052.0814316
modified,ransomware_lab\qvenpuwjqd_95.txt,1756029052.08205
moved,ransomware_lab\pkmhufrtwj_96.txt,1756029052.082555
modified,ransomware_lab\fwoihmriln_96.txt,1756029052.0829923
moved,ransomware_lab\hbhhjozrng_97.txt,1756029052.0835316
modified,ransomware_lab\crntvsbxsg_97.txt,1756029052.083977
moved,ransomware_lab\nkvdoexofe_98.txt,1756029052.0844493
modified,ransomware_lab\bardqkfyoi_98.txt,1756029052.085257
moved,ransomware_lab\wedwledwat_99.txt,1756029052.0858145
modified,ransomware_lab\bseqimjdcl_99.txt,1756029052.0867672
moved,ransomware_lab\lgbfyyjbds_0.txt,1756029052.5886269
modified,ransomware_lab\jhwomfgofg_0.txt,1756029052.5899708
moved,ransomware_lab\zcwcjbtqbv_1.txt,1756029052.5906036
modified,ransomware_lab\wxtxyhtmbk_1.txt,1756029052.591549
moved,ransomware_lab\rblsqxshmx_2.txt,1756029052.5921779
modified,ransomware_lab\zeqfnqbakl_2.txt,1756029052.5927687
moved,ransomware_lab\ieixsgcdrx_3.txt,1756029052.593295
modified,ransomware_lab\hyezisjruw_3.txt,1756029052.5939822
moved,ransomware_lab\dhkkmqxbrw_4.txt,1756029052.594444
modified,ransomware_lab\xafmeueyne_4.txt,1756029052.5950372
moved,ransomware_lab\fgzrbilotd_5.txt,1756029052.5956495
modified,ransomware_lab\byzxytsali_5.txt,1756029052.5963252
moved,ransomware_lab\havourxmjd_6.txt,1756029052.5968046
modified,ransomware_lab\edfnvgrfec_6.txt,1756029052.5973427
moved,ransomware_lab\xjnfwqidph_7.txt,1756029052.5979538
modified,ransomware_lab\fqibebptyl_7.txt,1756029052.5988538
moved,ransomware_lab\tqtstoyzha_8.txt,1756029052.5999682
modified,ransomware_lab\fkawlebeoh_8.txt,1756029052.6004288
moved,ransomware_lab\obhqfixhqv_9.txt,1756029052.601027
modified,ransomware_lab\jpiwcourom_9.txt,1756029052.6015935
moved,ransomware_lab\rfibddrncm_10.txt,1756029052.602528
modified,ransomware_lab\bescdtaxev_10.txt,1756029052.603433
moved,ransomware_lab\ihmxtykrtx_11.txt,1756029052.6042442
modified,ransomware_lab\dpnyxyxwri_11.txt,1756029052.6049373
moved,ransomware_lab\kttwhmizhx_12.txt,1756029052.6053715
modified,ransomware_lab\tljcsakjzs_12.txt,1756029052.60584
moved,ransomware_lab\ulesbrsrks_13.txt,1756029052.606469
modified,ransomware_lab\useumloczm_13.txt,1756029052.6071043
moved,ransomware_lab\lzmuddobym_14.txt,1756029052.6075158
modified,ransomware_lab\oyetfysfud_14.txt,1756029052.608344
moved,ransomware_lab\xokaegakuo_15.txt,1756029052.6088643
modified,ransomware_lab\rguucwqdci_15.txt,1756029052.6095276
moved,ransomware_lab\gwblyfyybu_16.txt,1756029052.6099505
modified,ransomware_lab\upfaskgybt_16.txt,1756029052.610692
moved,ransomware_lab\eoattryezv_17.txt,1756029052.611193
modified,ransomware_lab\lqqycakwem_17.txt,1756029052.6117954
moved,ransomware_lab\ublemytcza_18.txt,1756029052.612417
modified,ransomware_lab\acduzhummw_18.txt,1756029052.6130402
moved,ransomware_lab\msplqfpltp_19.txt,1756029052.6136637
modified,ransomware_lab\xipajcwkqp_19.txt,1756029052.6143339
moved,ransomware_lab\gujigcbgvv_20.txt,1756029052.615037
modified,ransomware_lab\uribvwfwwq_20.txt,1756029052.615637
moved,ransomware_lab\jzezlppwfw_21.txt,1756029052.6162238
modified,ransomware_lab\dfdrzxwjlq_21.txt,1756029052.6168008
moved,ransomware_lab\zrgpwaatbr_22.txt,1756029052.617467
modified,ransomware_lab\xmsnushfun_22.txt,1756029052.6180935
moved,ransomware_lab\uhmddlvsxc_23.txt,1756029052.6185548
modified,ransomware_lab\axxtpvedju_23.txt,1756029052.6191118
moved,ransomware_lab\vsbjglpvhl_24.txt,1756029052.6201766
modified,ransomware_lab\ctlsmuihth_24.txt,1756029052.6206727
moved,ransomware_lab\ansnfhbiwv_25.txt,1756029052.6212983
modified,ransomware_lab\akblvkgfzb_25.txt,1756029052.6218455
moved,ransomware_lab\bgmvvvjkdz_26.txt,1756029052.6223378
modified,ransomware_lab\kupyxsobpp_26.txt,1756029052.6228473
moved,ransomware_lab\fhaybppjqn_27.txt,1756029052.6234202
modified,ransomware_lab\paannegiji_27.txt,1756029052.6240675
moved,ransomware_lab\fhesexaebz_28.txt,1756029052.6248484
modified,ransomware_lab\iejimfgvfd_28.txt,1756029052.6254306
moved,ransomware_lab\ukwprbcgno_29.txt,1756029052.6260376
modified,ransomware_lab\iuuwxjfrqi_29.txt,1756029052.626637
moved,ransomware_lab\poukwjykez_30.txt,1756029052.6271791
modified,ransomware_lab\hbwadrxrrv_30.txt,1756029052.6277852
moved,ransomware_lab\vxkuebtybg_31.txt,1756029052.6283462
modified,ransomware_lab\zuneohiehg_31.txt,1756029052.6290045
moved,ransomware_lab\dqwilgmukz_32.txt,1756029052.629478
modified,ransomware_lab\tqpiglshcw_32.txt,1756029052.6299677
moved,ransomware_lab\xjzzardueo_33.txt,1756029052.6308308
modified,ransomware_lab\qetzgvzpyt_33.txt,1756029052.6319466
moved,ransomware_lab\ejlcjoyety_34.txt,1756029052.6326275
modified,ransomware_lab\gtkgzbckpn_34.txt,1756029052.6330457
moved,ransomware_lab\ogzgflmprw_35.txt,1756029052.6341667
modified,ransomware_lab\eggilefjcq_35.txt,1756029052.63571
moved,ransomware_lab\lcleybfpnm_36.txt,1756029052.6362753
modified,ransomware_lab\bgzzlnpayc_36.txt,1756029052.6374073
moved,ransomware_lab\iukzkiulib_37.txt,1756029052.639953
modified,ransomware_lab\pshyhfamdr_37.txt,1756029052.6404197
moved,ransomware_lab\atrinvszlz_38.txt,1756029052.6429121
modified,ransomware_lab\vbsehqylzi_38.txt,1756029052.6438363
moved,ransomware_lab\toygvujrpj_39.txt,1756029052.6443124
modified,ransomware_lab\jasvvcppvn_39.txt,1756029052.6458788
moved,ransomware_lab\vqiqxxwkjr_40.txt,1756029052.6465223
modified,ransomware_lab\ebqvnfjdha_40.txt,1756029052.6471872
moved,ransomware_lab\zcmvzelxvp_41.txt,1756029052.6482773
modified,ransomware_lab\ccfznydtbh_41.txt,1756029052.6490366
moved,ransomware_lab\nljctftkwt_42.txt,1756029052.6498628
modified,ransomware_lab\cpyijqqsxl_42.txt,1756029052.651011
moved,ransomware_lab\qkhxevsjrb_43.txt,1756029052.6514788
modified,ransomware_lab\vyyfylzzvd_43.txt,1756029052.6521404
moved,ransomware_lab\hwohiufzrx_44.txt,1756029052.6533597
modified,ransomware_lab\gsuohjqhug_44.txt,1756029052.654432
moved,ransomware_lab\skpkvtdnck_45.txt,1756029052.6555
modified,ransomware_lab\uuygtsaldt_45.txt,1756029052.6560738
moved,ransomware_lab\cqwlxjjsks_46.txt,1756029052.6569293
modified,ransomware_lab\yhsywdgqmq_46.txt,1756029052.6573164
moved,ransomware_lab\mjoiwocgtq_47.txt,1756029052.6579206
modified,ransomware_lab\qsabqdcunl_47.txt,1756029052.658543
moved,ransomware_lab\jhapozfhqz_48.txt,1756029052.6589925
modified,ransomware_lab\odupbkxfrn_48.txt,1756029052.660303
moved,ransomware_lab\lfhxgmjzuo_49.txt,1756029052.6608768
modified,ransomware_lab\chlohbmwsc_49.txt,1756029052.6615353
modified,ransomware_lab\chlohbmwsc_49.txt,1756029052.6617582
moved,ransomware_lab\rwcrnsmvrl_50.txt,1756029052.6624727
modified,ransomware_lab\cuirqpbtet_50.txt,1756029052.6631732
moved,ransomware_lab\ucixoshfpw_51.txt,1756029052.6638744
modified,ransomware_lab\vsclwyghrw_51.txt,1756029052.6648219
moved,ransomware_lab\iilufjegnh_52.txt,1756029052.6655364
modified,ransomware_lab\hbvctnsdrr_52.txt,1756029052.666214
moved,ransomware_lab\tktdzurnaq_53.txt,1756029052.6669056
modified,ransomware_lab\wytczgsjnw_53.txt,1756029052.667608
moved,ransomware_lab\vkmspyxryc_54.txt,1756029052.66817
modified,ransomware_lab\kuskvlmtgo_54.txt,1756029052.6688237
moved,ransomware_lab\ovgzwzvlxe_55.txt,1756029052.6695313
modified,ransomware_lab\kcpydiipez_55.txt,1756029052.670564
moved,ransomware_lab\ejbuhvtpek_56.txt,1756029052.671173
modified,ransomware_lab\faqmxkotrk_56.txt,1756029052.6719851
moved,ransomware_lab\ssgbcivlor_57.txt,1756029052.6728356
modified,ransomware_lab\ncsifzbxqp_57.txt,1756029052.6735494
moved,ransomware_lab\tnmxunqppc_58.txt,1756029052.6741571
modified,ransomware_lab\zxvbvqyvnp_58.txt,1756029052.674946
moved,ransomware_lab\reifdivxxr_59.txt,1756029052.6753776
modified,ransomware_lab\hscksksgbn_59.txt,1756029052.6762004
moved,ransomware_lab\gaetnxlati_60.txt,1756029052.6768074
modified,ransomware_lab\mczvntskog_60.txt,1756029052.6772957
moved,ransomware_lab\djyrpdejex_61.txt,1756029052.677828
modified,ransomware_lab\ifiyxmstnt_61.txt,1756029052.678644
moved,ransomware_lab\kcexebomyh_62.txt,1756029052.6791985
modified,ransomware_lab\kgzmxoepjd_62.txt,1756029052.6798587
moved,ransomware_lab\yowzkaqiya_63.txt,1756029052.680578
modified,ransomware_lab\ljrtoysflu_63.txt,1756029052.6811612
moved,ransomware_lab\qycpulgjpt_64.txt,1756029052.6819117
modified,ransomware_lab\ezfvurxhcx_64.txt,1756029052.6827295
moved,ransomware_lab\wlzxxgewev_65.txt,1756029052.6835387
modified,ransomware_lab\uiowdlccnc_65.txt,1756029052.6843746
moved,ransomware_lab\qxnycorevi_66.txt,1756029052.6849594
modified,ransomware_lab\vlynzeeaoy_66.txt,1756029052.6863241
moved,ransomware_lab\ddtvoxwgmb_67.txt,1756029052.6881692
modified,ransomware_lab\wnuqpkmwvc_67.txt,1756029052.6898081
moved,ransomware_lab\enqcopaymc_68.txt,1756029052.690291
modified,ransomware_lab\yauqjxesyw_68.txt,1756029052.6909418
moved,ransomware_lab\yhsrknmksu_69.txt,1756029052.6917934
modified,ransomware_lab\luahjdkfgm_69.txt,1756029052.6924982
moved,ransomware_lab\hexajmpnrv_70.txt,1756029052.6930254
modified,ransomware_lab\mjubnjbxhn_70.txt,1756029052.693638
moved,ransomware_lab\zlwjuxqkom_71.txt,1756029052.694089
modified,ransomware_lab\wstaqfidjr_71.txt,1756029052.6947854
moved,ransomware_lab\yfpbkniplw_72.txt,1756029052.695381
modified,ransomware_lab\wylubwezik_72.txt,1756029052.6961372
moved,ransomware_lab\cilewcmhhk_73.txt,1756029052.6966765
modified,ransomware_lab\rxgfhzeezm_73.txt,1756029052.6972857
moved,ransomware_lab\brslzgwvyd_74.txt,1756029052.6978679
modified,ransomware_lab\jixoqcerge_74.txt,1756029052.698431
moved,ransomware_lab\egpdwyfwhr_75.txt,1756029052.699022
modified,ransomware_lab\nvakgxamep_75.txt,1756029052.6996162
moved,ransomware_lab\oresbabfel_76.txt,1756029052.7003267
modified,ransomware_lab\gcwgfslzfe_76.txt,1756029052.7009
modified,ransomware_lab\gcwgfslzfe_76.txt,1756029052.701063
moved,ransomware_lab\piszjhyjxf_77.txt,1756029052.7014894
modified,ransomware_lab\xckhqhxpns_77.txt,1756029052.7021005
moved,ransomware_lab\otamyvyynn_78.txt,1756029052.7028794
modified,ransomware_lab\nczrnmxzma_78.txt,1756029052.7038321
moved,ransomware_lab\vynkjdigeb_79.txt,1756029052.7042832
modified,ransomware_lab\sbmmnfhvvj_79.txt,1756029052.7049298
moved,ransomware_lab\yzyztxphcq_80.txt,1756029052.7057033
modified,ransomware_lab\sghazmonig_80.txt,1756029052.7065804
moved,ransomware_lab\ckldfxcmcl_81.txt,1756029052.7072175
modified,ransomware_lab\dqhvehswhs_81.txt,1756029052.7078588
moved,ransomware_lab\gwnzikyiuo_82.txt,1756029052.7084715
modified,ransomware_lab\axwatzhaov_82.txt,1756029052.7091138
moved,ransomware_lab\tycqzjdmxe_83.txt,1756029052.7098646
modified,ransomware_lab\fwgpgbkkmj_83.txt,1756029052.7108364
moved,ransomware_lab\mwasencxjk_84.txt,1756029052.7126102
modified,ransomware_lab\ojxhndoule_84.txt,1756029052.7129836
moved,ransomware_lab\cdjmffjktd_85.txt,1756029052.7131329
modified,ransomware_lab\mhuubxqqwx_85.txt,1756029052.7138264
moved,ransomware_lab\ourwqwlher_86.txt,1756029052.7141826
modified,ransomware_lab\pxtoxbpsdn_86.txt,1756029052.7148335
moved,ransomware_lab\onqhcdfymb_87.txt,1756029052.715396
modified,ransomware_lab\pmrvdysdyx_87.txt,1756029052.7161179
moved,ransomware_lab\ndcwtoqnfn_88.txt,1756029052.7166734
modified,ransomware_lab\unqjksvbuq_88.txt,1756029052.7173202
moved,ransomware_lab\prxstyhppm_89.txt,1756029052.7178378
modified,ransomware_lab\viwcqzcars_89.txt,1756029052.718633
moved,ransomware_lab\vzeglfultv_90.txt,1756029052.719271
modified,ransomware_lab\jayzrscqnw_90.txt,1756029052.719779
moved,ransomware_lab\hxamxdwwjr_91.txt,1756029052.7205133
modified,ransomware_lab\rrynpboktr_91.txt,1756029052.72106
modified,ransomware_lab\rrynpboktr_91.txt,1756029052.7212772
moved,ransomware_lab\rjhgccyxdj_92.txt,1756029052.721687
modified,ransomware_lab\tazgaztlhv_92.txt,1756029052.722449
moved,ransomware_lab\knsvjnbbdy_93.txt,1756029052.7229412
modified,ransomware_lab\rdvlmfyrox_93.txt,1756029052.7240689
moved,ransomware_lab\atdhhyzhdl_94.txt,1756029052.7247262
modified,ransomware_lab\bxzjeqviyr_94.txt,1756029052.7257528
moved,ransomware_lab\qvenpuwjqd_95.txt,1756029052.726431
modified,ransomware_lab\ooijyytoem_95.txt,1756029052.7271342
moved,ransomware_lab\fwoihmriln_96.txt,1756029052.7277982
modified,ransomware_lab\sznfaolaml_96.txt,1756029052.7283704
moved,ransomware_lab\crntvsbxsg_97.txt,1756029052.728904
modified,ransomware_lab\ttnrhpsved_97.txt,1756029052.729397
moved,ransomware_lab\bardqkfyoi_98.txt,1756029052.729935
modified,ransomware_lab\kelvhecnoa_98.txt,1756029052.7306285
moved,ransomware_lab\bseqimjdcl_99.txt,1756029052.7313094
modified,ransomware_lab\uvpgjkqqey_99.txt,1756029052.7318113
moved,ransomware_lab\jhwomfgofg_0.txt,1756029053.2337208
modified,ransomware_lab\ypinyvarac_0.txt,1756029053.2351792
moved,ransomware_lab\wxtxyhtmbk_1.txt,1756029053.2360134
modified,ransomware_lab\uocnbxhrqk_1.txt,1756029053.236825
moved,ransomware_lab\zeqfnqbakl_2.txt,1756029053.2373638
modified,ransomware_lab\klsmnreeza_2.txt,1756029053.2379372
moved,ransomware_lab\hyezisjruw_3.txt,1756029053.2385535
modified,ransomware_lab\czjnbkcngh_3.txt,1756029053.2392704
moved,ransomware_lab\xafmeueyne_4.txt,1756029053.2399764
modified,ransomware_lab\muzwomejyq_4.txt,1756029053.2405198
moved,ransomware_lab\byzxytsali_5.txt,1756029053.2409625
modified,ransomware_lab\qotujgbwjz_5.txt,1756029053.2415118
moved,ransomware_lab\edfnvgrfec_6.txt,1756029053.2420275
modified,ransomware_lab\hqcyxumhen_6.txt,1756029053.2426398
moved,ransomware_lab\fqibebptyl_7.txt,1756029053.243217
modified,ransomware_lab\zonqvafrsm_7.txt,1756029053.2436938
moved,ransomware_lab\fkawlebeoh_8.txt,1756029053.2441506
modified,ransomware_lab\szbckdrbfz_8.txt,1756029053.2446616
moved,ransomware_lab\jpiwcourom_9.txt,1756029053.245291
modified,ransomware_lab\izqmygigkq_9.txt,1756029053.245878
moved,ransomware_lab\bescdtaxev_10.txt,1756029053.2464645
modified,ransomware_lab\jmlofzrufm_10.txt,1756029053.247114
moved,ransomware_lab\dpnyxyxwri_11.txt,1756029053.247453
modified,ransomware_lab\yokwbfglrx_11.txt,1756029053.248071
moved,ransomware_lab\tljcsakjzs_12.txt,1756029053.248574
modified,ransomware_lab\ryilbrzcil_12.txt,1756029053.249054
moved,ransomware_lab\useumloczm_13.txt,1756029053.2496908
modified,ransomware_lab\kfmkqxdxxz_13.txt,1756029053.2501009
moved,ransomware_lab\oyetfysfud_14.txt,1756029053.2509573
modified,ransomware_lab\xyqqakfhrv_14.txt,1756029053.2519977
moved,ransomware_lab\rguucwqdci_15.txt,1756029053.2527635
modified,ransomware_lab\vxyrefzrty_15.txt,1756029053.2552462
moved,ransomware_lab\upfaskgybt_16.txt,1756029053.2560408
modified,ransomware_lab\fkzcfrwyqg_16.txt,1756029053.2578962
moved,ransomware_lab\lqqycakwem_17.txt,1756029053.2582326
modified,ransomware_lab\bzvpzedsli_17.txt,1756029053.2597198
moved,ransomware_lab\acduzhummw_18.txt,1756029053.2607658
modified,ransomware_lab\bevpngcsmn_18.txt,1756029053.263343
moved,ransomware_lab\xipajcwkqp_19.txt,1756029053.263652
modified,ransomware_lab\qomgtioztl_19.txt,1756029053.265891
moved,ransomware_lab\uribvwfwwq_20.txt,1756029053.2663777
modified,ransomware_lab\lbvzjsgvwx_20.txt,1756029053.267914
moved,ransomware_lab\dfdrzxwjlq_21.txt,1756029053.2689042
modified,ransomware_lab\yyjwkievwz_21.txt,1756029053.2723753
moved,ransomware_lab\xmsnushfun_22.txt,1756029053.2733784
modified,ransomware_lab\gkytuyjofg_22.txt,1756029053.2743304
moved,ransomware_lab\axxtpvedju_23.txt,1756029053.2755482
modified,ransomware_lab\hweestyomo_23.txt,1756029053.276354
moved,ransomware_lab\ctlsmuihth_24.txt,1756029053.2772887
modified,ransomware_lab\lglaqqdtda_24.txt,1756029053.2784443
moved,ransomware_lab\akblvkgfzb_25.txt,1756029053.2790575
modified,ransomware_lab\pbjfqetcxe_25.txt,1756029053.2798805
moved,ransomware_lab\kupyxsobpp_26.txt,1756029053.2806292
modified,ransomware_lab\mwltxtrryh_26.txt,1756029053.2811692
moved,ransomware_lab\paannegiji_27.txt,1756029053.2815628
modified,ransomware_lab\qvyxfmqnju_27.txt,1756029053.2824512
moved,ransomware_lab\iejimfgvfd_28.txt,1756029053.2827713
modified,ransomware_lab\ketygfkxys_28.txt,1756029053.2835488
moved,ransomware_lab\iuuwxjfrqi_29.txt,1756029053.2842143
modified,ransomware_lab\yaxgrqirat_29.txt,1756029053.2850082
moved,ransomware_lab\hbwadrxrrv_30.txt,1756029053.2856681
modified,ransomware_lab\gjxtzqnwva_30.txt,1756029053.2861614
moved,ransomware_lab\zuneohiehg_31.txt,1756029053.2868035
modified,ransomware_lab\twwndbbqnr_31.txt,1756029053.2874067
moved,ransomware_lab\tqpiglshcw_32.txt,1756029053.2881887
modified,ransomware_lab\wfggxeuzuo_32.txt,1756029053.2888029
moved,ransomware_lab\qetzgvzpyt_33.txt,1756029053.28955
modified,ransomware_lab\tnmcyclqvl_33.txt,1756029053.2902853
moved,ransomware_lab\gtkgzbckpn_34.txt,1756029053.2909863
modified,ransomware_lab\nuuuiadvll_34.txt,1756029053.291471
moved,ransomware_lab\eggilefjcq_35.txt,1756029053.2921083
modified,ransomware_lab\wsvpkclqed_35.txt,1756029053.2925422
moved,ransomware_lab\bgzzlnpayc_36.txt,1756029053.2933435
modified,ransomware_lab\odxqxxgirf_36.txt,1756029053.2939937
moved,ransomware_lab\pshyhfamdr_37.txt,1756029053.2945604
modified,ransomware_lab\wtnreyxsjh_37.txt,1756029053.2950954
moved,ransomware_lab\vbsehqylzi_38.txt,1756029053.2958057
modified,ransomware_lab\dbhzrhfqoy_38.txt,1756029053.2966053
moved,ransomware_lab\jasvvcppvn_39.txt,1756029053.297891
modified,ransomware_lab\wdfqzyvlsm_39.txt,1756029053.2991483
moved,ransomware_lab\ebqvnfjdha_40.txt,1756029053.300062
modified,ransomware_lab\tczlegxzoq_40.txt,1756029053.3016272
moved,ransomware_lab\ccfznydtbh_41.txt,1756029053.3020902
modified,ransomware_lab\lpuyrrjiyz_41.txt,1756029053.3030233
moved,ransomware_lab\cpyijqqsxl_42.txt,1756029053.3036833
modified,ransomware_lab\zbhsttibjx_42.txt,1756029053.3042316
moved,ransomware_lab\vyyfylzzvd_43.txt,1756029053.3049767
modified,ransomware_lab\hxnlbxcalp_43.txt,1756029053.3056421
moved,ransomware_lab\gsuohjqhug_44.txt,1756029053.3061063
modified,ransomware_lab\szeurcpmze_44.txt,1756029053.3071818
moved,ransomware_lab\uuygtsaldt_45.txt,1756029053.3080692
modified,ransomware_lab\lkkbyustcg_45.txt,1756029053.3102965
moved,ransomware_lab\yhsywdgqmq_46.txt,1756029053.3109999
modified,ransomware_lab\ffzakogtdm_46.txt,1756029053.3114154
moved,ransomware_lab\qsabqdcunl_47.txt,1756029053.3119516
modified,ransomware_lab\dkqalzdbsb_47.txt,1756029053.3132641
moved,ransomware_lab\odupbkxfrn_48.txt,1756029053.3139622
modified,ransomware_lab\nrcyvbcyvj_48.txt,1756029053.3148289
moved,ransomware_lab\chlohbmwsc_49.txt,1756029053.315379
modified,ransomware_lab\xrkqxoakgk_49.txt,1756029053.3161426
moved,ransomware_lab\cuirqpbtet_50.txt,1756029053.3167174
modified,ransomware_lab\khwrjdpude_50.txt,1756029053.3176775
moved,ransomware_lab\vsclwyghrw_51.txt,1756029053.3187435
modified,ransomware_lab\xiqwsplsfb_51.txt,1756029053.3209941
moved,ransomware_lab\hbvctnsdrr_52.txt,1756029053.3216007
modified,ransomware_lab\vnigkztblw_52.txt,1756029053.3222592
moved,ransomware_lab\wytczgsjnw_53.txt,1756029053.3228142
modified,ransomware_lab\ivewnnmqwa_53.txt,1756029053.323373
moved,ransomware_lab\kuskvlmtgo_54.txt,1756029053.3238811
modified,ransomware_lab\nybrdipkis_54.txt,1756029053.3246593
moved,ransomware_lab\kcpydiipez_55.txt,1756029053.325407
modified,ransomware_lab\hhdfpbteqp_55.txt,1756029053.326141
moved,ransomware_lab\faqmxkotrk_56.txt,1756029053.32684
modified,ransomware_lab\labdqrtapi_56.txt,1756029053.3274374
moved,ransomware_lab\ncsifzbxqp_57.txt,1756029053.3279512
modified,ransomware_lab\lunmpmdrow_57.txt,1756029053.3302162
moved,ransomware_lab\zxvbvqyvnp_58.txt,1756029053.332246
modified,ransomware_lab\pwqszunwyj_58.txt,1756029053.3339329
moved,ransomware_lab\hscksksgbn_59.txt,1756029053.3351192
modified,ransomware_lab\beivlevcik_59.txt,1756029053.3355544
moved,ransomware_lab\mczvntskog_60.txt,1756029053.3367157
modified,ransomware_lab\cmsxthjgno_60.txt,1756029053.3378637
moved,ransomware_lab\ifiyxmstnt_61.txt,1756029053.3386283
modified,ransomware_lab\eczstuvorf_61.txt,1756029053.3396633
moved,ransomware_lab\kgzmxoepjd_62.txt,1756029053.3401728
modified,ransomware_lab\ttrccwqlof_62.txt,1756029053.3407674
moved,ransomware_lab\ljrtoysflu_63.txt,1756029053.3412206
modified,ransomware_lab\cxwioncnef_63.txt,1756029053.3420374
moved,ransomware_lab\ezfvurxhcx_64.txt,1756029053.3427365
modified,ransomware_lab\typthvnvwo_64.txt,1756029053.343292
moved,ransomware_lab\uiowdlccnc_65.txt,1756029053.3440294
modified,ransomware_lab\ozyojvdgzn_65.txt,1756029053.3444915
moved,ransomware_lab\vlynzeeaoy_66.txt,1756029053.3450594
modified,ransomware_lab\ebwkvgwfhw_66.txt,1756029053.3455296
moved,ransomware_lab\wnuqpkmwvc_67.txt,1756029053.3460577
modified,ransomware_lab\rbxoxegxjw_67.txt,1756029053.3465612
moved,ransomware_lab\yauqjxesyw_68.txt,1756029053.347101
modified,ransomware_lab\sajdjuzmml_68.txt,1756029053.347659
moved,ransomware_lab\luahjdkfgm_69.txt,1756029053.3482888
modified,ransomware_lab\zanurmizdg_69.txt,1756029053.34881
moved,ransomware_lab\mjubnjbxhn_70.txt,1756029053.3493245
modified,ransomware_lab\ckhxqniuib_70.txt,1756029053.3498275
moved,ransomware_lab\wstaqfidjr_71.txt,1756029053.3503582
modified,ransomware_lab\eqlrxmxeaw_71.txt,1756029053.3509245
moved,ransomware_lab\wylubwezik_72.txt,1756029053.3513641
modified,ransomware_lab\bjjljstxhh_72.txt,1756029053.3518057
moved,ransomware_lab\rxgfhzeezm_73.txt,1756029053.352355
modified,ransomware_lab\sfkbpxsccf_73.txt,1756029053.3528326
moved,ransomware_lab\jixoqcerge_74.txt,1756029053.3536353
modified,ransomware_lab\aluvxhzjzr_74.txt,1756029053.3545642
moved,ransomware_lab\nvakgxamep_75.txt,1756029053.3550758
modified,ransomware_lab\azswtisryt_75.txt,1756029053.3556657
moved,ransomware_lab\gcwgfslzfe_76.txt,1756029053.356269
modified,ransomware_lab\saoggmvyil_76.txt,1756029053.3568268
moved,ransomware_lab\xckhqhxpns_77.txt,1756029053.3573642
modified,ransomware_lab\ezblcsdyir_77.txt,1756029053.3582327
moved,ransomware_lab\nczrnmxzma_78.txt,1756029053.3592508
modified,ransomware_lab\yvtvrnxxyl_78.txt,1756029053.3624423
moved,ransomware_lab\sbmmnfhvvj_79.txt,1756029053.364151
modified,ransomware_lab\oeqfmwdaii_79.txt,1756029053.3673613
moved,ransomware_lab\sghazmonig_80.txt,1756029053.3679562
modified,ransomware_lab\adflvybdct_80.txt,1756029053.3728192
moved,ransomware_lab\dqhvehswhs_81.txt,1756029053.3732796
modified,ransomware_lab\ibfvmnoxxm_81.txt,1756029053.3745167
moved,ransomware_lab\axwatzhaov_82.txt,1756029053.3753624
modified,ransomware_lab\bbthzchdqn_82.txt,1756029053.375923
moved,ransomware_lab\fwgpgbkkmj_83.txt,1756029053.3770094
modified,ransomware_lab\qqkfvxxwgk_83.txt,1756029053.3775353
moved,ransomware_lab\ojxhndoule_84.txt,1756029053.3783212
modified,ransomware_lab\giknpfrylb_84.txt,1756029053.3790603
moved,ransomware_lab\mhuubxqqwx_85.txt,1756029053.379458
modified,ransomware_lab\erkdpvmszi_85.txt,1756029053.3800266
moved,ransomware_lab\pxtoxbpsdn_86.txt,1756029053.3806133
modified,ransomware_lab\uaeibiljws_86.txt,1756029053.381779
moved,ransomware_lab\pmrvdysdyx_87.txt,1756029053.3822453
modified,ransomware_lab\kcbsjvevbm_87.txt,1756029053.3827758
moved,ransomware_lab\unqjksvbuq_88.txt,1756029053.383164
modified,ransomware_lab\atwvpthmsh_88.txt,1756029053.3841858
moved,ransomware_lab\viwcqzcars_89.txt,1756029053.3848982
modified,ransomware_lab\hdudooseni_89.txt,1756029053.3856187
moved,ransomware_lab\jayzrscqnw_90.txt,1756029053.3893669
modified,ransomware_lab\aeppmspkbc_90.txt,1756029053.3903477
moved,ransomware_lab\rrynpboktr_91.txt,1756029053.3923457
modified,ransomware_lab\msgpwnvrny_91.txt,1756029053.393607
moved,ransomware_lab\tazgaztlhv_92.txt,1756029053.394011
modified,ransomware_lab\mpqtijloos_92.txt,1756029053.394671
moved,ransomware_lab\rdvlmfyrox_93.txt,1756029053.3953815
modified,ransomware_lab\vwmuyrofyz_93.txt,1756029053.396067
moved,ransomware_lab\bxzjeqviyr_94.txt,1756029053.396607
modified,ransomware_lab\wgzqdlrgia_94.txt,1756029053.3971882
moved,ransomware_lab\ooijyytoem_95.txt,1756029053.3978105
modified,ransomware_lab\atgelwlxww_95.txt,1756029053.398312
moved,ransomware_lab\sznfaolaml_96.txt,1756029053.3988008
modified,ransomware_lab\hvsoslgwru_96.txt,1756029053.3994226
moved,ransomware_lab\ttnrhpsved_97.txt,1756029053.400287
modified,ransomware_lab\dauswsdsbn_97.txt,1756029053.4009912
moved,ransomware_lab\kelvhecnoa_98.txt,1756029053.4015255
modified,ransomware_lab\rdfwbbgkck_98.txt,1756029053.4019876
moved,ransomware_lab\uvpgjkqqey_99.txt,1756029053.4030476
modified,ransomware_lab\qochdpdnwa_99.txt,1756029053.4045322
moved,ransomware_lab\ypinyvarac_0.txt,1756029053.906197
modified,ransomware_lab\wfbruqalhd_0.txt,1756029053.9079342
moved,ransomware_lab\uocnbxhrqk_1.txt,1756029053.908452
modified,ransomware_lab\tibkeeofli_1.txt,1756029053.9090915
moved,ransomware_lab\klsmnreeza_2.txt,1756029053.9099712
modified,ransomware_lab\spsjugsxsk_2.txt,1756029053.9107966
moved,ransomware_lab\czjnbkcngh_3.txt,1756029053.911666
modified,ransomware_lab\jarjnitrmp_3.txt,1756029053.9126027
moved,ransomware_lab\muzwomejyq_4.txt,1756029053.9132724
modified,ransomware_lab\nhydxnmixg_4.txt,1756029053.9138763
moved,ransomware_lab\qotujgbwjz_5.txt,1756029053.9145014
modified,ransomware_lab\rsmonascpq_5.txt,1756029053.9160528
moved,ransomware_lab\hqcyxumhen_6.txt,1756029053.9163094
modified,ransomware_lab\uysdlrsdiw_6.txt,1756029053.9169893
moved,ransomware_lab\zonqvafrsm_7.txt,1756029053.917474
modified,ransomware_lab\ytabdxwkoi_7.txt,1756029053.917883
moved,ransomware_lab\szbckdrbfz_8.txt,1756029053.9182975
modified,ransomware_lab\oaimuckwvp_8.txt,1756029053.9189422
moved,ransomware_lab\izqmygigkq_9.txt,1756029053.9198625
modified,ransomware_lab\rpmlofstjf_9.txt,1756029053.9205499
moved,ransomware_lab\jmlofzrufm_10.txt,1756029053.9211047
modified,ransomware_lab\aaqlklzxil_10.txt,1756029053.9215176
moved,ransomware_lab\yokwbfglrx_11.txt,1756029053.9221845
modified,ransomware_lab\wlsqkloczl_11.txt,1756029053.922635
moved,ransomware_lab\ryilbrzcil_12.txt,1756029053.9231977
modified,ransomware_lab\bonjsqkbvq_12.txt,1756029053.9238324
moved,ransomware_lab\kfmkqxdxxz_13.txt,1756029053.9243555
modified,ransomware_lab\qsdbpldcoi_13.txt,1756029053.9249318
moved,ransomware_lab\xyqqakfhrv_14.txt,1756029053.92549
modified,ransomware_lab\mlxakwfucb_14.txt,1756029053.9263783
moved,ransomware_lab\vxyrefzrty_15.txt,1756029053.927421
modified,ransomware_lab\xoqjfaweua_15.txt,1756029053.9281914
moved,ransomware_lab\fkzcfrwyqg_16.txt,1756029053.9288025
modified,ransomware_lab\canuvejeav_16.txt,1756029053.929407
moved,ransomware_lab\bzvpzedsli_17.txt,1756029053.9300663
modified,ransomware_lab\daxtvndnps_17.txt,1756029053.9307358
moved,ransomware_lab\bevpngcsmn_18.txt,1756029053.931387
modified,ransomware_lab\nzhoasntha_18.txt,1756029053.9319093
moved,ransomware_lab\qomgtioztl_19.txt,1756029053.9324117
modified,ransomware_lab\wqewfftxar_19.txt,1756029053.9328737
moved,ransomware_lab\lbvzjsgvwx_20.txt,1756029053.9334319
modified,ransomware_lab\bicympfrwx_20.txt,1756029053.9341776
moved,ransomware_lab\yyjwkievwz_21.txt,1756029053.9346101
modified,ransomware_lab\wdkktgnyez_21.txt,1756029053.9351726
moved,ransomware_lab\gkytuyjofg_22.txt,1756029053.935702
modified,ransomware_lab\ubjyxzxtcb_22.txt,1756029053.9364214
moved,ransomware_lab\hweestyomo_23.txt,1756029053.937057
modified,ransomware_lab\etcthumznq_23.txt,1756029053.9383736
moved,ransomware_lab\lglaqqdtda_24.txt,1756029053.9386327
modified,ransomware_lab\vvazvjpeuw_24.txt,1756029053.9393613
moved,ransomware_lab\pbjfqetcxe_25.txt,1756029053.9396882
modified,ransomware_lab\rgmrihcglx_25.txt,1756029053.9402688
moved,ransomware_lab\mwltxtrryh_26.txt,1756029053.9407744
modified,ransomware_lab\rqsmndetrv_26.txt,1756029053.9413133
moved,ransomware_lab\qvyxfmqnju_27.txt,1756029053.9417987
modified,ransomware_lab\pnazvgxmfo_27.txt,1756029053.9425442
moved,ransomware_lab\ketygfkxys_28.txt,1756029053.943072
modified,ransomware_lab\owqokrguis_28.txt,1756029053.9436958
moved,ransomware_lab\yaxgrqirat_29.txt,1756029053.9442804
modified,ransomware_lab\ytjrtznsjg_29.txt,1756029053.9453468
moved,ransomware_lab\gjxtzqnwva_30.txt,1756029053.9458747
modified,ransomware_lab\bdlrjgcomu_30.txt,1756029053.947678
moved,ransomware_lab\twwndbbqnr_31.txt,1756029053.9482222
modified,ransomware_lab\hahodsyjyq_31.txt,1756029053.948956
moved,ransomware_lab\wfggxeuzuo_32.txt,1756029053.9497252
modified,ransomware_lab\wvkxygxhrj_32.txt,1756029053.9503448
moved,ransomware_lab\tnmcyclqvl_33.txt,1756029053.950832
modified,ransomware_lab\uzqwczpzng_33.txt,1756029053.9515197
moved,ransomware_lab\nuuuiadvll_34.txt,1756029053.9520137
modified,ransomware_lab\txopjrpjbq_34.txt,1756029053.952857
moved,ransomware_lab\wsvpkclqed_35.txt,1756029053.9538834
modified,ransomware_lab\wbivhfdvki_35.txt,1756029053.9546773
moved,ransomware_lab\odxqxxgirf_36.txt,1756029053.9553847
modified,ransomware_lab\iyfejpxghc_36.txt,1756029053.9560938
moved,ransomware_lab\wtnreyxsjh_37.txt,1756029053.9571428
modified,ransomware_lab\ncukuljtcp_37.txt,1756029053.957723
moved,ransomware_lab\dbhzrhfqoy_38.txt,1756029053.9583042
modified,ransomware_lab\wjokaaiplo_38.txt,1756029053.9588594
moved,ransomware_lab\wdfqzyvlsm_39.txt,1756029053.9594324
modified,ransomware_lab\ilulyvqvwc_39.txt,1756029053.960194
moved,ransomware_lab\tczlegxzoq_40.txt,1756029053.9612188
modified,ransomware_lab\jttucctvex_40.txt,1756029053.9618778
moved,ransomware_lab\lpuyrrjiyz_41.txt,1756029053.9625125
modified,ransomware_lab\sdkjpvcbvg_41.txt,1756029053.963165
moved,ransomware_lab\zbhsttibjx_42.txt,1756029053.9638007
modified,ransomware_lab\xwjhrjdcru_42.txt,1756029053.964218
moved,ransomware_lab\hxnlbxcalp_43.txt,1756029053.965053
modified,ransomware_lab\sfitnfhinx_43.txt,1756029053.9655488
moved,ransomware_lab\szeurcpmze_44.txt,1756029053.9660892
modified,ransomware_lab\dufsfyjsva_44.txt,1756029053.9673738
moved,ransomware_lab\lkkbyustcg_45.txt,1756029053.96743
modified,ransomware_lab\ffejqcguvr_45.txt,1756029053.9684942
moved,ransomware_lab\ffzakogtdm_46.txt,1756029053.9689946
modified,ransomware_lab\toxselgcxm_46.txt,1756029053.9694717
moved,ransomware_lab\dkqalzdbsb_47.txt,1756029053.9700613
modified,ransomware_lab\gtiosqayws_47.txt,1756029053.9709408
moved,ransomware_lab\nrcyvbcyvj_48.txt,1756029053.9717205
modified,ransomware_lab\dpadgvewjo_48.txt,1756029053.9720933
moved,ransomware_lab\xrkqxoakgk_49.txt,1756029053.9727526
modified,ransomware_lab\iclxjebwzo_49.txt,1756029053.9733365
moved,ransomware_lab\khwrjdpude_50.txt,1756029053.9739125
modified,ransomware_lab\afahcjhyvp_50.txt,1756029053.97448
moved,ransomware_lab\xiqwsplsfb_51.txt,1756029053.9750314
modified,ransomware_lab\oxchdatyxf_51.txt,1756029053.9756887
moved,ransomware_lab\vnigkztblw_52.txt,1756029053.9762275
modified,ransomware_lab\kjllesxnss_52.txt,1756029053.976672
moved,ransomware_lab\ivewnnmqwa_53.txt,1756029053.9773242
modified,ransomware_lab\xehvwhrtph_53.txt,1756029053.9778957
moved,ransomware_lab\nybrdipkis_54.txt,1756029053.9782827
modified,ransomware_lab\ajwsofyakd_54.txt,1756029053.9789603
moved,ransomware_lab\hhdfpbteqp_55.txt,1756029053.979472
modified,ransomware_lab\hmvnohbfqd_55.txt,1756029053.980145
modified,ransomware_lab\hmvnohbfqd_55.txt,1756029053.9803524
moved,ransomware_lab\labdqrtapi_56.txt,1756029053.9808187
modified,ransomware_lab\minkoxbumu_56.txt,1756029053.981494
moved,ransomware_lab\lunmpmdrow_57.txt,1756029053.9821138
modified,ransomware_lab\vppenlmwhb_57.txt,1756029053.982677
moved,ransomware_lab\pwqszunwyj_58.txt,1756029053.983151
modified,ransomware_lab\dntbjfmpyb_58.txt,1756029053.9837155
moved,ransomware_lab\beivlevcik_59.txt,1756029053.9842508
modified,ransomware_lab\bkxlwvexzi_59.txt,1756029053.9849184
moved,ransomware_lab\cmsxthjgno_60.txt,1756029053.985624
modified,ransomware_lab\ilavaskcfu_60.txt,1756029053.9868286
moved,ransomware_lab\eczstuvorf_61.txt,1756029053.9874098
modified,ransomware_lab\avpmerladl_61.txt,1756029053.9884298
moved,ransomware_lab\ttrccwqlof_62.txt,1756029053.988616
modified,ransomware_lab\idprtmyqis_62.txt,1756029053.9892178
moved,ransomware_lab\cxwioncnef_63.txt,1756029053.9896593
modified,ransomware_lab\btrsjtuyua_63.txt,1756029053.9904528
moved,ransomware_lab\typthvnvwo_64.txt,1756029053.9908853
modified,ransomware_lab\oblrnmpqir_64.txt,1756029053.9913867
moved,ransomware_lab\ozyojvdgzn_65.txt,1756029053.9919217
modified,ransomware_lab\yxobxwouus_65.txt,1756029053.9923546
moved,ransomware_lab\ebwkvgwfhw_66.txt,1756029053.9929628
modified,ransomware_lab\mpddrrnqzi_66.txt,1756029053.9935355
moved,ransomware_lab\rbxoxegxjw_67.txt,1756029053.9940338
modified,ransomware_lab\hkubuhwjxt_67.txt,1756029053.9945111
moved,ransomware_lab\sajdjuzmml_68.txt,1756029053.9961805
modified,ransomware_lab\rhyifrlslr_68.txt,1756029053.9967241
moved,ransomware_lab\zanurmizdg_69.txt,1756029053.9973547
modified,ransomware_lab\wmhlqqtluk_69.txt,1756029053.9978864
moved,ransomware_lab\ckhxqniuib_70.txt,1756029053.9983752
modified,ransomware_lab\issialrcdk_70.txt,1756029053.9989276
moved,ransomware_lab\eqlrxmxeaw_71.txt,1756029053.9995337
modified,ransomware_lab\yoyqmcuckr_71.txt,1756029054.0000436
moved,ransomware_lab\bjjljstxhh_72.txt,1756029054.0006156
modified,ransomware_lab\ldoemcaghl_72.txt,1756029054.0012581
moved,ransomware_lab\sfkbpxsccf_73.txt,1756029054.0017242
modified,ransomware_lab\eofjstklac_73.txt,1756029054.0024247
moved,ransomware_lab\aluvxhzjzr_74.txt,1756029054.0027902
modified,ransomware_lab\xcicfmcqxh_74.txt,1756029054.003329
moved,ransomware_lab\azswtisryt_75.txt,1756029054.0038092
modified,ransomware_lab\tvdxbttobh_75.txt,1756029054.0046558
moved,ransomware_lab\saoggmvyil_76.txt,1756029054.0054615
modified,ransomware_lab\xqepvrvpms_76.txt,1756029054.0057235
moved,ransomware_lab\ezblcsdyir_77.txt,1756029054.0063968
modified,ransomware_lab\enfwoiygyy_77.txt,1756029054.006944
moved,ransomware_lab\yvtvrnxxyl_78.txt,1756029054.0074325
modified,ransomware_lab\wgpqzhmjfi_78.txt,1756029054.0080075
moved,ransomware_lab\oeqfmwdaii_79.txt,1756029054.0086133
modified,ransomware_lab\suajocgzxz_79.txt,1756029054.0091593
moved,ransomware_lab\adflvybdct_80.txt,1756029054.0095768
modified,ransomware_lab\uyuybwstrz_80.txt,1756029054.0101762
moved,ransomware_lab\ibfvmnoxxm_81.txt,1756029054.0111501
modified,ransomware_lab\elhhrpdzva_81.txt,1756029054.0114918
moved,ransomware_lab\bbthzchdqn_82.txt,1756029054.0119839
modified,ransomware_lab\uyhjxdhtqn_82.txt,1756029054.0125322
moved,ransomware_lab\qqkfvxxwgk_83.txt,1756029054.0130324
modified,ransomware_lab\myenlvevfn_83.txt,1756029054.0136123
moved,ransomware_lab\giknpfrylb_84.txt,1756029054.0141122
modified,ransomware_lab\jxmsruohhy_84.txt,1756029054.0145783
moved,ransomware_lab\erkdpvmszi_85.txt,1756029054.0150292
modified,ransomware_lab\luhwicvoqq_85.txt,1756029054.0155296
moved,ransomware_lab\uaeibiljws_86.txt,1756029054.016061
modified,ransomware_lab\qmtaiudrns_86.txt,1756029054.0166051
moved,ransomware_lab\kcbsjvevbm_87.txt,1756029054.0172043
modified,ransomware_lab\boagqsseuu_87.txt,1756029054.0176508
moved,ransomware_lab\atwvpthmsh_88.txt,1756029054.0181665
modified,ransomware_lab\qqlfkhxemz_88.txt,1756029054.0185945
moved,ransomware_lab\hdudooseni_89.txt,1756029054.0194385
modified,ransomware_lab\sxsckzpiqw_89.txt,1756029054.0202477
moved,ransomware_lab\aeppmspkbc_90.txt,1756029054.0209124
modified,ransomware_lab\xxflyltiql_90.txt,1756029054.0215666
moved,ransomware_lab\msgpwnvrny_91.txt,1756029054.0220923
modified,ransomware_lab\etjtxerysx_91.txt,1756029054.0227547
moved,ransomware_lab\mpqtijloos_92.txt,1756029054.0232322
modified,ransomware_lab\nwaeoxxoat_92.txt,1756029054.0237522
moved,ransomware_lab\vwmuyrofyz_93.txt,1756029054.0243437
modified,ransomware_lab\szvbhkrqfq_93.txt,1756029054.025428
moved,ransomware_lab\wgzqdlrgia_94.txt,1756029054.0259347
modified,ransomware_lab\xdkaulgmft_94.txt,1756029054.0265403
moved,ransomware_lab\atgelwlxww_95.txt,1756029054.0275664
modified,ransomware_lab\ddfgdhkqzi_95.txt,1756029054.0281081
moved,ransomware_lab\hvsoslgwru_96.txt,1756029054.0289114
modified,ransomware_lab\bzzhrmcpfm_96.txt,1756029054.029702
moved,ransomware_lab\dauswsdsbn_97.txt,1756029054.030339
modified,ransomware_lab\uidgdvkkxq_97.txt,1756029054.0310738
moved,ransomware_lab\rdfwbbgkck_98.txt,1756029054.031506
modified,ransomware_lab\rsythtsxch_98.txt,1756029054.0320425
moved,ransomware_lab\qochdpdnwa_99.txt,1756029054.0325909
modified,ransomware_lab\nadokphoqo_99.txt,1756029054.0332355
